{
  "hash": "98782cc1",
  "browserHash": "14a0933a",
  "optimized": {
    "react": {
      "src": "../../node_modules/react/index.js",
      "file": "react.js",
      "fileHash": "d7a4f6fe",
      "needsInterop": true
    },
    "react-dom/client": {
      "src": "../../node_modules/react-dom/client.js",
      "file": "react-dom_client.js",
      "fileHash": "69efe756",
      "needsInterop": true
    },
    "react-router-dom": {
      "src": "../../node_modules/react-router-dom/dist/index.js",
      "file": "react-router-dom.js",
      "fileHash": "4e5b0d5b",
      "needsInterop": false
    },
    "@emailjs/browser": {
      "src": "../../node_modules/@emailjs/browser/es/index.js",
      "file": "@emailjs_browser.js",
      "fileHash": "3931fff5",
      "needsInterop": false
    },
    "react-slick": {
      "src": "../../node_modules/react-slick/lib/index.js",
      "file": "react-slick.js",
      "fileHash": "6ae6970d",
      "needsInterop": true
    },
    "date-fns": {
      "src": "../../node_modules/date-fns/esm/index.js",
      "file": "date-fns.js",
      "fileHash": "cbc78af7",
      "needsInterop": false
    },
    "@sanity/block-content-to-react": {
      "src": "../../node_modules/@sanity/block-content-to-react/lib/BlockContent.js",
      "file": "@sanity_block-content-to-react.js",
      "fileHash": "008efb79",
      "needsInterop": true
    },
    "react-syntax-highlighter": {
      "src": "../../node_modules/react-syntax-highlighter/dist/esm/index.js",
      "file": "react-syntax-highlighter.js",
      "fileHash": "66eefde0",
      "needsInterop": false
    },
    "@sanity/image-url": {
      "src": "../../node_modules/@sanity/image-url/lib/browser/image-url.umd.js",
      "file": "@sanity_image-url.js",
      "fileHash": "e335ce9b",
      "needsInterop": true
    },
    "react-syntax-highlighter/dist/esm/styles/hljs": {
      "src": "../../node_modules/react-syntax-highlighter/dist/esm/styles/hljs/index.js",
      "file": "react-syntax-highlighter_dist_esm_styles_hljs.js",
      "fileHash": "76b34fbe",
      "needsInterop": false
    },
    "react-copy-to-clipboard": {
      "src": "../../node_modules/react-copy-to-clipboard/lib/index.js",
      "file": "react-copy-to-clipboard.js",
      "fileHash": "1eb57aa3",
      "needsInterop": true
    },
    "@sanity/client": {
      "src": "../../node_modules/@sanity/client/dist/index.browser.js",
      "file": "@sanity_client.js",
      "fileHash": "361f1e41",
      "needsInterop": false
    },
    "firebase": {
      "src": "../../node_modules/firebase/dist/index.esm.js",
      "file": "firebase.js",
      "fileHash": "6e57287d",
      "needsInterop": false
    },
    "date-fns/esm": {
      "src": "../../node_modules/date-fns/esm/index.js",
      "file": "date-fns_esm.js",
      "fileHash": "68bccfa7",
      "needsInterop": false
    }
  },
  "chunks": {
    "xquery-OFFQA4AJ": {
      "file": "xquery-OFFQA4AJ.js"
    },
    "yang-MJZPVMPN": {
      "file": "yang-MJZPVMPN.js"
    },
    "zig-HXM5HLIT": {
      "file": "zig-HXM5HLIT.js"
    },
    "core-KXPQZQAR": {
      "file": "core-KXPQZQAR.js"
    },
    "refractor-6JR2JQ6B": {
      "file": "refractor-6JR2JQ6B.js"
    },
    "browser-YGMMLUK5": {
      "file": "browser-YGMMLUK5.js"
    },
    "wasm-CBPFMSRE": {
      "file": "wasm-CBPFMSRE.js"
    },
    "web-idl-KVMN3JA7": {
      "file": "web-idl-KVMN3JA7.js"
    },
    "wiki-IWWQ7XXA": {
      "file": "wiki-IWWQ7XXA.js"
    },
    "wolfram-CECN6SRS": {
      "file": "wolfram-CECN6SRS.js"
    },
    "wren-3JCQQM4K": {
      "file": "wren-3JCQQM4K.js"
    },
    "xeora-6BLWJ6LZ": {
      "file": "xeora-6BLWJ6LZ.js"
    },
    "xml-doc-5MXNWL7Z": {
      "file": "xml-doc-5MXNWL7Z.js"
    },
    "xojo-6A7NRXY3": {
      "file": "xojo-6A7NRXY3.js"
    },
    "v-CWVH3QYG": {
      "file": "v-CWVH3QYG.js"
    },
    "vala-OKHMW446": {
      "file": "vala-OKHMW446.js"
    },
    "velocity-BDQIH3FS": {
      "file": "velocity-BDQIH3FS.js"
    },
    "verilog-Y7YMDSKU": {
      "file": "verilog-Y7YMDSKU.js"
    },
    "vhdl-FQMIFSJ4": {
      "file": "vhdl-FQMIFSJ4.js"
    },
    "vim-HWSACWJP": {
      "file": "vim-HWSACWJP.js"
    },
    "visual-basic-TPEI4CHM": {
      "file": "visual-basic-TPEI4CHM.js"
    },
    "warpscript-LLPCYDOD": {
      "file": "warpscript-LLPCYDOD.js"
    },
    "tremor-5KMOHLK3": {
      "file": "tremor-5KMOHLK3.js"
    },
    "tsx-QFVXB3I3": {
      "file": "tsx-QFVXB3I3.js"
    },
    "tt2-CBYI7W75": {
      "file": "tt2-CBYI7W75.js"
    },
    "twig-JFGXWVXC": {
      "file": "twig-JFGXWVXC.js"
    },
    "typoscript-43XU4VGH": {
      "file": "typoscript-43XU4VGH.js"
    },
    "unrealscript-4C6JFTFV": {
      "file": "unrealscript-4C6JFTFV.js"
    },
    "uorazor-UTKGZV5R": {
      "file": "uorazor-UTKGZV5R.js"
    },
    "uri-OUCHSC24": {
      "file": "uri-OUCHSC24.js"
    },
    "t4-cs-FUZV2IFC": {
      "file": "t4-cs-FUZV2IFC.js"
    },
    "vbnet-NKJKCNKE": {
      "file": "vbnet-NKJKCNKE.js"
    },
    "t4-vb-JNLFZZKM": {
      "file": "t4-vb-JNLFZZKM.js"
    },
    "yaml-KQPK7FZC": {
      "file": "yaml-KQPK7FZC.js"
    },
    "tap-B4YSMAQ5": {
      "file": "tap-B4YSMAQ5.js"
    },
    "tcl-ZYFML3RB": {
      "file": "tcl-ZYFML3RB.js"
    },
    "textile-XVXPJKCJ": {
      "file": "textile-XVXPJKCJ.js"
    },
    "toml-5BI6IH23": {
      "file": "toml-5BI6IH23.js"
    },
    "splunk-spl-NNA2G3P7": {
      "file": "splunk-spl-NNA2G3P7.js"
    },
    "sqf-DSEVZAUQ": {
      "file": "sqf-DSEVZAUQ.js"
    },
    "squirrel-EIA6SX4F": {
      "file": "squirrel-EIA6SX4F.js"
    },
    "stan-TYGCOMAG": {
      "file": "stan-TYGCOMAG.js"
    },
    "stylus-AYCHLLSB": {
      "file": "stylus-AYCHLLSB.js"
    },
    "swift-GD3QW326": {
      "file": "swift-GD3QW326.js"
    },
    "systemd-YGKUEW7S": {
      "file": "systemd-YGKUEW7S.js"
    },
    "t4-templating-ZF7XCTOT": {
      "file": "t4-templating-ZF7XCTOT.js"
    },
    "smalltalk-NHECDE4T": {
      "file": "smalltalk-NHECDE4T.js"
    },
    "smarty-RS6ICEAG": {
      "file": "smarty-RS6ICEAG.js"
    },
    "sml-6KNNRHM3": {
      "file": "sml-6KNNRHM3.js"
    },
    "solidity-H2562QQR": {
      "file": "solidity-H2562QQR.js"
    },
    "solution-file-U6OYW4QL": {
      "file": "solution-file-U6OYW4QL.js"
    },
    "soy-BCTWVBGA": {
      "file": "soy-BCTWVBGA.js"
    },
    "turtle-4CZCQVVB": {
      "file": "turtle-4CZCQVVB.js"
    },
    "sparql-DO3BOPYS": {
      "file": "sparql-DO3BOPYS.js"
    },
    "robotframework-C4V5TGRE": {
      "file": "robotframework-C4V5TGRE.js"
    },
    "rust-KTG5UMQA": {
      "file": "rust-KTG5UMQA.js"
    },
    "sas-EFV2YEGS": {
      "file": "sas-EFV2YEGS.js"
    },
    "sass-IUZ3P2TD": {
      "file": "sass-IUZ3P2TD.js"
    },
    "scala-BVPMUTCL": {
      "file": "scala-BVPMUTCL.js"
    },
    "scss-GR76C6CY": {
      "file": "scss-GR76C6CY.js"
    },
    "shell-session-ZAMTGXJT": {
      "file": "shell-session-ZAMTGXJT.js"
    },
    "smali-OLLNUXWE": {
      "file": "smali-OLLNUXWE.js"
    },
    "racket-PTFJENRT": {
      "file": "racket-PTFJENRT.js"
    },
    "reason-KSRJ6I5X": {
      "file": "reason-KSRJ6I5X.js"
    },
    "regex-7KP3EB3L": {
      "file": "regex-7KP3EB3L.js"
    },
    "rego-PCB6C33D": {
      "file": "rego-PCB6C33D.js"
    },
    "renpy-T6OQDR2D": {
      "file": "renpy-T6OQDR2D.js"
    },
    "rest-QTGAEMQZ": {
      "file": "rest-QTGAEMQZ.js"
    },
    "rip-GPUNDSQ2": {
      "file": "rip-GPUNDSQ2.js"
    },
    "roboconf-SQFXSVTL": {
      "file": "roboconf-SQFXSVTL.js"
    },
    "purebasic-CBO6TO5P": {
      "file": "purebasic-CBO6TO5P.js"
    },
    "purescript-ABAS2LGA": {
      "file": "purescript-ABAS2LGA.js"
    },
    "python-VZ3IH53J": {
      "file": "python-VZ3IH53J.js"
    },
    "q-5DH5APQJ": {
      "file": "q-5DH5APQJ.js"
    },
    "qml-B2X7K4LY": {
      "file": "qml-B2X7K4LY.js"
    },
    "qore-7HMNDSEJ": {
      "file": "qore-7HMNDSEJ.js"
    },
    "qsharp-IRJCB4MG": {
      "file": "qsharp-IRJCB4MG.js"
    },
    "r-ZTFHCMI5": {
      "file": "r-ZTFHCMI5.js"
    },
    "prolog-KQY23JWV": {
      "file": "prolog-KQY23JWV.js"
    },
    "promql-EXNDCI3Q": {
      "file": "promql-EXNDCI3Q.js"
    },
    "properties-JMOWFPRN": {
      "file": "properties-JMOWFPRN.js"
    },
    "protobuf-F4OBBNK2": {
      "file": "protobuf-F4OBBNK2.js"
    },
    "psl-EHUMVXWS": {
      "file": "psl-EHUMVXWS.js"
    },
    "pug-DLXKAN6R": {
      "file": "pug-DLXKAN6R.js"
    },
    "puppet-NP2QQZ32": {
      "file": "puppet-NP2QQZ32.js"
    },
    "pure-IPLZDAXO": {
      "file": "pure-IPLZDAXO.js"
    },
    "peoplecode-52NM6WNP": {
      "file": "peoplecode-52NM6WNP.js"
    },
    "perl-5LTOPYUS": {
      "file": "perl-5LTOPYUS.js"
    },
    "php-extras-UYD2LFTX": {
      "file": "php-extras-UYD2LFTX.js"
    },
    "phpdoc-HUZ66TRO": {
      "file": "phpdoc-HUZ66TRO.js"
    },
    "plsql-246L7P6O": {
      "file": "plsql-246L7P6O.js"
    },
    "powerquery-CSKHTTX5": {
      "file": "powerquery-CSKHTTX5.js"
    },
    "powershell-GOWYWB2I": {
      "file": "powershell-GOWYWB2I.js"
    },
    "processing-LBBPL5W7": {
      "file": "processing-LBBPL5W7.js"
    },
    "opencl-W7AKR6BP": {
      "file": "opencl-W7AKR6BP.js"
    },
    "openqasm-NB65RV2T": {
      "file": "openqasm-NB65RV2T.js"
    },
    "oz-4ONKEENK": {
      "file": "oz-4ONKEENK.js"
    },
    "parigp-TZGWQ4JA": {
      "file": "parigp-TZGWQ4JA.js"
    },
    "parser-GQSLUVUA": {
      "file": "parser-GQSLUVUA.js"
    },
    "pascal-LO4TLTVF": {
      "file": "pascal-LO4TLTVF.js"
    },
    "pascaligo-JGKAXY72": {
      "file": "pascaligo-JGKAXY72.js"
    },
    "pcaxis-APSUXM3X": {
      "file": "pcaxis-APSUXM3X.js"
    },
    "neon-S6REESEJ": {
      "file": "neon-S6REESEJ.js"
    },
    "nevod-7IISQW3G": {
      "file": "nevod-7IISQW3G.js"
    },
    "nginx-4EC3KXAF": {
      "file": "nginx-4EC3KXAF.js"
    },
    "nim-L7HEK7FC": {
      "file": "nim-L7HEK7FC.js"
    },
    "nix-JKH2DG6R": {
      "file": "nix-JKH2DG6R.js"
    },
    "nsis-QQUTRZSU": {
      "file": "nsis-QQUTRZSU.js"
    },
    "objectivec-44XFOTBK": {
      "file": "objectivec-44XFOTBK.js"
    },
    "ocaml-EMJ72QVZ": {
      "file": "ocaml-EMJ72QVZ.js"
    },
    "mongodb-KN3UMKVD": {
      "file": "mongodb-KN3UMKVD.js"
    },
    "monkey-A7FALSHW": {
      "file": "monkey-A7FALSHW.js"
    },
    "moonscript-RCCCLVE5": {
      "file": "moonscript-RCCCLVE5.js"
    },
    "n1ql-XFQ2YXOY": {
      "file": "n1ql-XFQ2YXOY.js"
    },
    "n4js-LOGUUII6": {
      "file": "n4js-LOGUUII6.js"
    },
    "nand2tetris-hdl-U3XITWZN": {
      "file": "nand2tetris-hdl-U3XITWZN.js"
    },
    "naniscript-52L3XC3K": {
      "file": "naniscript-52L3XC3K.js"
    },
    "nasm-6UJI3U36": {
      "file": "nasm-6UJI3U36.js"
    },
    "makefile-FDUGPURU": {
      "file": "makefile-FDUGPURU.js"
    },
    "markdown-U6YW2FHH": {
      "file": "markdown-U6YW2FHH.js"
    },
    "markup-BIBV7S4L": {
      "file": "markup-BIBV7S4L.js"
    },
    "matlab-Z5TZOBY3": {
      "file": "matlab-Z5TZOBY3.js"
    },
    "maxscript-4RD4ZWXG": {
      "file": "maxscript-4RD4ZWXG.js"
    },
    "mel-SN6BTWPI": {
      "file": "mel-SN6BTWPI.js"
    },
    "mermaid-QH3HOPPV": {
      "file": "mermaid-QH3HOPPV.js"
    },
    "mizar-J2FQL27Y": {
      "file": "mizar-J2FQL27Y.js"
    },
    "lilypond-UD6D5EGP": {
      "file": "lilypond-UD6D5EGP.js"
    },
    "liquid-V5SRGVR6": {
      "file": "liquid-V5SRGVR6.js"
    },
    "lisp-XAN2634C": {
      "file": "lisp-XAN2634C.js"
    },
    "livescript-R3MKRAMG": {
      "file": "livescript-R3MKRAMG.js"
    },
    "llvm-XORDTEG7": {
      "file": "llvm-XORDTEG7.js"
    },
    "log-CM2VBW6S": {
      "file": "log-CM2VBW6S.js"
    },
    "lolcode-5URG33SX": {
      "file": "lolcode-5URG33SX.js"
    },
    "magma-2E7IBCDG": {
      "file": "magma-2E7IBCDG.js"
    },
    "kotlin-IGAJUHZV": {
      "file": "kotlin-IGAJUHZV.js"
    },
    "kumir-VRX3E4JP": {
      "file": "kumir-VRX3E4JP.js"
    },
    "kusto-V565OLFC": {
      "file": "kusto-V565OLFC.js"
    },
    "latex-K5TL34I7": {
      "file": "latex-K5TL34I7.js"
    },
    "php-HCVCKVXT": {
      "file": "php-HCVCKVXT.js"
    },
    "latte-OEZAXWOS": {
      "file": "latte-OEZAXWOS.js"
    },
    "less-FXU2LLFT": {
      "file": "less-FXU2LLFT.js"
    },
    "scheme-X26VSFBC": {
      "file": "scheme-X26VSFBC.js"
    },
    "json-6FEZKP4A": {
      "file": "json-6FEZKP4A.js"
    },
    "json5-ESVKT4XE": {
      "file": "json5-ESVKT4XE.js"
    },
    "jsonp-5NGNMA3K": {
      "file": "jsonp-5NGNMA3K.js"
    },
    "jsstacktrace-CPAIP6OZ": {
      "file": "jsstacktrace-CPAIP6OZ.js"
    },
    "jsx-TIRTYZPJ": {
      "file": "jsx-TIRTYZPJ.js"
    },
    "julia-MW7HANLZ": {
      "file": "julia-MW7HANLZ.js"
    },
    "keepalived-DGRNLIXP": {
      "file": "keepalived-DGRNLIXP.js"
    },
    "keyman-H7F5VCA4": {
      "file": "keyman-H7F5VCA4.js"
    },
    "javastacktrace-AB2V4FZJ": {
      "file": "javastacktrace-AB2V4FZJ.js"
    },
    "jexl-OM6RVBCX": {
      "file": "jexl-OM6RVBCX.js"
    },
    "jolie-SZZO7VSO": {
      "file": "jolie-SZZO7VSO.js"
    },
    "jq-K5C3DP3P": {
      "file": "jq-K5C3DP3P.js"
    },
    "js-extras-QE3U6DK4": {
      "file": "js-extras-QE3U6DK4.js"
    },
    "js-templates-MJ5ZWPZ7": {
      "file": "js-templates-MJ5ZWPZ7.js"
    },
    "typescript-KVO4V3KH": {
      "file": "typescript-KVO4V3KH.js"
    },
    "jsdoc-Y6WZD2NP": {
      "file": "jsdoc-Y6WZD2NP.js"
    },
    "inform7-J3UEDAYF": {
      "file": "inform7-J3UEDAYF.js"
    },
    "ini-6RNRKSIZ": {
      "file": "ini-6RNRKSIZ.js"
    },
    "io-HE2WMFU3": {
      "file": "io-HE2WMFU3.js"
    },
    "j-76Q2TULA": {
      "file": "j-76Q2TULA.js"
    },
    "java-QMLG5TQO": {
      "file": "java-QMLG5TQO.js"
    },
    "javadoclike-L2QFSNUZ": {
      "file": "javadoclike-L2QFSNUZ.js"
    },
    "javadoc-X3L6TVKP": {
      "file": "javadoc-X3L6TVKP.js"
    },
    "javascript-5N3JOK3M": {
      "file": "javascript-5N3JOK3M.js"
    },
    "hsts-VKP4UKDR": {
      "file": "hsts-VKP4UKDR.js"
    },
    "http-7RRH7V4R": {
      "file": "http-7RRH7V4R.js"
    },
    "ichigojam-QS3KL2QC": {
      "file": "ichigojam-QS3KL2QC.js"
    },
    "icon-2SQQY3SM": {
      "file": "icon-2SQQY3SM.js"
    },
    "icu-message-format-Q6R52HLH": {
      "file": "icu-message-format-Q6R52HLH.js"
    },
    "idris-OGD27QWD": {
      "file": "idris-OGD27QWD.js"
    },
    "iecst-PGPWUJFK": {
      "file": "iecst-PGPWUJFK.js"
    },
    "ignore-A3YRY3EK": {
      "file": "ignore-A3YRY3EK.js"
    },
    "haml-PGVI7YMJ": {
      "file": "haml-PGVI7YMJ.js"
    },
    "handlebars-J2D4TX35": {
      "file": "handlebars-J2D4TX35.js"
    },
    "haskell-K3VDCGNU": {
      "file": "haskell-K3VDCGNU.js"
    },
    "haxe-5HINADWS": {
      "file": "haxe-5HINADWS.js"
    },
    "hcl-VTJVGW5Z": {
      "file": "hcl-VTJVGW5Z.js"
    },
    "hlsl-ZOV7TAZN": {
      "file": "hlsl-ZOV7TAZN.js"
    },
    "hoon-N3ICDYO5": {
      "file": "hoon-N3ICDYO5.js"
    },
    "hpkp-INMHVBKZ": {
      "file": "hpkp-INMHVBKZ.js"
    },
    "git-3AYU45SH": {
      "file": "git-3AYU45SH.js"
    },
    "glsl-FE4JP6SO": {
      "file": "glsl-FE4JP6SO.js"
    },
    "gml-54BBTU6B": {
      "file": "gml-54BBTU6B.js"
    },
    "gn-PAZQ2ORK": {
      "file": "gn-PAZQ2ORK.js"
    },
    "go-module-NVRNOTQD": {
      "file": "go-module-NVRNOTQD.js"
    },
    "go-CTCHJY5G": {
      "file": "go-CTCHJY5G.js"
    },
    "graphql-ILSETF2B": {
      "file": "graphql-ILSETF2B.js"
    },
    "groovy-V4HJEPHZ": {
      "file": "groovy-V4HJEPHZ.js"
    },
    "fortran-GRYMZSXD": {
      "file": "fortran-GRYMZSXD.js"
    },
    "fsharp-RVCZGAAF": {
      "file": "fsharp-RVCZGAAF.js"
    },
    "ftl-SWZUDEJB": {
      "file": "ftl-SWZUDEJB.js"
    },
    "gap-XF6KP3GP": {
      "file": "gap-XF6KP3GP.js"
    },
    "gcode-G2NJMMYP": {
      "file": "gcode-G2NJMMYP.js"
    },
    "gdscript-TMSTFGQF": {
      "file": "gdscript-TMSTFGQF.js"
    },
    "gedcom-KAEQFIQS": {
      "file": "gedcom-KAEQFIQS.js"
    },
    "gherkin-IUM3WQ6F": {
      "file": "gherkin-IUM3WQ6F.js"
    },
    "erlang-6BFTWLMI": {
      "file": "erlang-6BFTWLMI.js"
    },
    "lua-CHTQ4SNA": {
      "file": "lua-CHTQ4SNA.js"
    },
    "etlua-6D2MUGY3": {
      "file": "etlua-6D2MUGY3.js"
    },
    "excel-formula-WYT6VG7A": {
      "file": "excel-formula-WYT6VG7A.js"
    },
    "factor-ZMWTG5FJ": {
      "file": "factor-ZMWTG5FJ.js"
    },
    "false-L645M4OE": {
      "file": "false-L645M4OE.js"
    },
    "firestore-security-rules-QCBQLJ3K": {
      "file": "firestore-security-rules-QCBQLJ3K.js"
    },
    "flow-ZTKTAKSL": {
      "file": "flow-ZTKTAKSL.js"
    },
    "dot-V5ZRKSEI": {
      "file": "dot-V5ZRKSEI.js"
    },
    "ebnf-NLHLKRSW": {
      "file": "ebnf-NLHLKRSW.js"
    },
    "editorconfig-PPJLSEQ7": {
      "file": "editorconfig-PPJLSEQ7.js"
    },
    "eiffel-WO56KMAX": {
      "file": "eiffel-WO56KMAX.js"
    },
    "ejs-OQEGBHXN": {
      "file": "ejs-OQEGBHXN.js"
    },
    "elixir-GOOUWR5X": {
      "file": "elixir-GOOUWR5X.js"
    },
    "elm-ZFOVDM3H": {
      "file": "elm-ZFOVDM3H.js"
    },
    "erb-NZKSXQJE": {
      "file": "erb-NZKSXQJE.js"
    },
    "dataweave-YBNR2WSB": {
      "file": "dataweave-YBNR2WSB.js"
    },
    "dax-2VQSGJWP": {
      "file": "dax-2VQSGJWP.js"
    },
    "dhall-5GOJIL7U": {
      "file": "dhall-5GOJIL7U.js"
    },
    "diff-I3TGV73O": {
      "file": "diff-I3TGV73O.js"
    },
    "markup-templating-LLVJ637J": {
      "file": "markup-templating-LLVJ637J.js"
    },
    "django-QZZQAKIJ": {
      "file": "django-QZZQAKIJ.js"
    },
    "dns-zone-file-CKEBSSMW": {
      "file": "dns-zone-file-CKEBSSMW.js"
    },
    "docker-ZPB2EF7U": {
      "file": "docker-ZPB2EF7U.js"
    },
    "cshtml-GSJJQDLC": {
      "file": "cshtml-GSJJQDLC.js"
    },
    "csp-7UNAR2XI": {
      "file": "csp-7UNAR2XI.js"
    },
    "css-extras-AZ5ILNFV": {
      "file": "css-extras-AZ5ILNFV.js"
    },
    "css-5SQKY4Y4": {
      "file": "css-5SQKY4Y4.js"
    },
    "csv-BQ7FWKBJ": {
      "file": "csv-BQ7FWKBJ.js"
    },
    "cypher-UCUYXNU4": {
      "file": "cypher-UCUYXNU4.js"
    },
    "d-BYNKAKFY": {
      "file": "d-BYNKAKFY.js"
    },
    "dart-Y5E24CBR": {
      "file": "dart-Y5E24CBR.js"
    },
    "clojure-YO2WWRST": {
      "file": "clojure-YO2WWRST.js"
    },
    "cmake-TU36OK3C": {
      "file": "cmake-TU36OK3C.js"
    },
    "cobol-27FK6APM": {
      "file": "cobol-27FK6APM.js"
    },
    "coffeescript-TPIWLU3X": {
      "file": "coffeescript-TPIWLU3X.js"
    },
    "concurnas-TSRSESWB": {
      "file": "concurnas-TSRSESWB.js"
    },
    "coq-65V323HN": {
      "file": "coq-65V323HN.js"
    },
    "ruby-ET2HJB6U": {
      "file": "ruby-ET2HJB6U.js"
    },
    "crystal-Y6HXMWF5": {
      "file": "crystal-Y6HXMWF5.js"
    },
    "brainfuck-SY7XTITZ": {
      "file": "brainfuck-SY7XTITZ.js"
    },
    "brightscript-JOSKLUK4": {
      "file": "brightscript-JOSKLUK4.js"
    },
    "bro-S33ZJXK5": {
      "file": "bro-S33ZJXK5.js"
    },
    "bsl-J6D4BADX": {
      "file": "bsl-J6D4BADX.js"
    },
    "cfscript-XMS2U6ZC": {
      "file": "cfscript-XMS2U6ZC.js"
    },
    "chaiscript-DNVFVR7F": {
      "file": "chaiscript-DNVFVR7F.js"
    },
    "cil-3CH6SGL4": {
      "file": "cil-3CH6SGL4.js"
    },
    "clike-T6JTAQZL": {
      "file": "clike-T6JTAQZL.js"
    },
    "bash-FX44VU57": {
      "file": "bash-FX44VU57.js"
    },
    "basic-FBV4PXA6": {
      "file": "basic-FBV4PXA6.js"
    },
    "batch-27UAN7L2": {
      "file": "batch-27UAN7L2.js"
    },
    "bbcode-KU64G3IN": {
      "file": "bbcode-KU64G3IN.js"
    },
    "bicep-7TZSL5KZ": {
      "file": "bicep-7TZSL5KZ.js"
    },
    "birb-LMTALQUU": {
      "file": "birb-LMTALQUU.js"
    },
    "bison-HSIFQGMP": {
      "file": "bison-HSIFQGMP.js"
    },
    "bnf-56FYWBSL": {
      "file": "bnf-56FYWBSL.js"
    },
    "asm6502-JU33FUGH": {
      "file": "asm6502-JU33FUGH.js"
    },
    "asmatmel-7USWH3SG": {
      "file": "asmatmel-7USWH3SG.js"
    },
    "csharp-G5ELPEXX": {
      "file": "csharp-G5ELPEXX.js"
    },
    "aspnet-UQCZTHWY": {
      "file": "aspnet-UQCZTHWY.js"
    },
    "autohotkey-56IBKEJN": {
      "file": "autohotkey-56IBKEJN.js"
    },
    "autoit-ZDI4AQRO": {
      "file": "autoit-ZDI4AQRO.js"
    },
    "avisynth-7UH6EUR7": {
      "file": "avisynth-7UH6EUR7.js"
    },
    "avro-idl-RBRPW5FR": {
      "file": "avro-idl-RBRPW5FR.js"
    },
    "apl-C3ABPVSX": {
      "file": "apl-C3ABPVSX.js"
    },
    "applescript-BQ777THF": {
      "file": "applescript-BQ777THF.js"
    },
    "aql-6SQGOTEG": {
      "file": "aql-6SQGOTEG.js"
    },
    "c-JUBKF6CJ": {
      "file": "c-JUBKF6CJ.js"
    },
    "cpp-6MFKPWPQ": {
      "file": "cpp-6MFKPWPQ.js"
    },
    "arduino-NSSJ7NEC": {
      "file": "arduino-NSSJ7NEC.js"
    },
    "arff-DUGE4FAW": {
      "file": "arff-DUGE4FAW.js"
    },
    "asciidoc-AYERNGKF": {
      "file": "asciidoc-AYERNGKF.js"
    },
    "actionscript-5CXYLIYL": {
      "file": "actionscript-5CXYLIYL.js"
    },
    "ada-XL3OTOGB": {
      "file": "ada-XL3OTOGB.js"
    },
    "agda-YJSY277L": {
      "file": "agda-YJSY277L.js"
    },
    "al-DTP4VQCJ": {
      "file": "al-DTP4VQCJ.js"
    },
    "antlr4-FENYCPER": {
      "file": "antlr4-FENYCPER.js"
    },
    "apacheconf-C5I4DDWJ": {
      "file": "apacheconf-C5I4DDWJ.js"
    },
    "sql-BYPB6XTV": {
      "file": "sql-BYPB6XTV.js"
    },
    "apex-LBJHSD4J": {
      "file": "apex-LBJHSD4J.js"
    },
    "vhdl-OU4D5JFV": {
      "file": "vhdl-OU4D5JFV.js"
    },
    "vim-GOHQQRXV": {
      "file": "vim-GOHQQRXV.js"
    },
    "x86asm-2VR35IFA": {
      "file": "x86asm-2VR35IFA.js"
    },
    "xl-2RLD66TN": {
      "file": "xl-2RLD66TN.js"
    },
    "xquery-C7TNLZ5O": {
      "file": "xquery-C7TNLZ5O.js"
    },
    "zephir-JKBSZBNN": {
      "file": "zephir-JKBSZBNN.js"
    },
    "abap-W6AXWADD": {
      "file": "abap-W6AXWADD.js"
    },
    "abnf-HNXV34F5": {
      "file": "abnf-HNXV34F5.js"
    },
    "tp-W2G7WJAW": {
      "file": "tp-W2G7WJAW.js"
    },
    "twig-G5RJXX3Y": {
      "file": "twig-G5RJXX3Y.js"
    },
    "typescript-G2LV3I43": {
      "file": "typescript-G2LV3I43.js"
    },
    "vala-H6WE67DE": {
      "file": "vala-H6WE67DE.js"
    },
    "vbnet-NWOJPLMB": {
      "file": "vbnet-NWOJPLMB.js"
    },
    "vbscript-SMD54OOX": {
      "file": "vbscript-SMD54OOX.js"
    },
    "vbscript-html-CLXNKYJA": {
      "file": "vbscript-html-CLXNKYJA.js"
    },
    "verilog-LFDIPAOT": {
      "file": "verilog-LFDIPAOT.js"
    },
    "stylus-2IUGPTUE": {
      "file": "stylus-2IUGPTUE.js"
    },
    "subunit-BEAQMHJC": {
      "file": "subunit-BEAQMHJC.js"
    },
    "swift-SDRY5H5N": {
      "file": "swift-SDRY5H5N.js"
    },
    "taggerscript-NK7QYKUD": {
      "file": "taggerscript-NK7QYKUD.js"
    },
    "yaml-I7L63OE3": {
      "file": "yaml-I7L63OE3.js"
    },
    "tap-CXNGZNX2": {
      "file": "tap-CXNGZNX2.js"
    },
    "tcl-CYQEVYGN": {
      "file": "tcl-CYQEVYGN.js"
    },
    "thrift-RWEJDHGF": {
      "file": "thrift-RWEJDHGF.js"
    },
    "smalltalk-GKGJQ2IL": {
      "file": "smalltalk-GKGJQ2IL.js"
    },
    "sml-WMKBXQI3": {
      "file": "sml-WMKBXQI3.js"
    },
    "sqf-QB4P6NUV": {
      "file": "sqf-QB4P6NUV.js"
    },
    "sql_more-TPLZL5EO": {
      "file": "sql_more-TPLZL5EO.js"
    },
    "sql-IABSHWLJ": {
      "file": "sql-IABSHWLJ.js"
    },
    "stan-XLHWATI2": {
      "file": "stan-XLHWATI2.js"
    },
    "stata-NRO5IKBW": {
      "file": "stata-NRO5IKBW.js"
    },
    "step21-GWUJIWY2": {
      "file": "step21-GWUJIWY2.js"
    },
    "rust-V7BM2UN7": {
      "file": "rust-V7BM2UN7.js"
    },
    "sas-B62SRT4A": {
      "file": "sas-B62SRT4A.js"
    },
    "scala-Y5P2IMHT": {
      "file": "scala-Y5P2IMHT.js"
    },
    "scheme-BJWFCIHG": {
      "file": "scheme-BJWFCIHG.js"
    },
    "scilab-JZD3LFI6": {
      "file": "scilab-JZD3LFI6.js"
    },
    "scss-HCCEYLM6": {
      "file": "scss-HCCEYLM6.js"
    },
    "shell-6TXX6FNI": {
      "file": "shell-6TXX6FNI.js"
    },
    "smali-JVJT2373": {
      "file": "smali-JVJT2373.js"
    },
    "qml-2VUHG3Y6": {
      "file": "qml-2VUHG3Y6.js"
    },
    "r-4H5LSJF4": {
      "file": "r-4H5LSJF4.js"
    },
    "reasonml-QDXAFCAA": {
      "file": "reasonml-QDXAFCAA.js"
    },
    "rib-5LM3VXPY": {
      "file": "rib-5LM3VXPY.js"
    },
    "roboconf-CYLJQFU4": {
      "file": "roboconf-CYLJQFU4.js"
    },
    "routeros-H27MWEB6": {
      "file": "routeros-H27MWEB6.js"
    },
    "rsl-TGF5U2RQ": {
      "file": "rsl-TGF5U2RQ.js"
    },
    "ruleslanguage-3R6ATQSC": {
      "file": "ruleslanguage-3R6ATQSC.js"
    },
    "prolog-XP5VCAT4": {
      "file": "prolog-XP5VCAT4.js"
    },
    "properties-BUOWRZPW": {
      "file": "properties-BUOWRZPW.js"
    },
    "protobuf-26EQTZXQ": {
      "file": "protobuf-26EQTZXQ.js"
    },
    "puppet-MRKMRW3J": {
      "file": "puppet-MRKMRW3J.js"
    },
    "purebasic-MHBP6TCQ": {
      "file": "purebasic-MHBP6TCQ.js"
    },
    "python-TNRDNY5Q": {
      "file": "python-TNRDNY5Q.js"
    },
    "python-repl-3PEQF5LL": {
      "file": "python-repl-3PEQF5LL.js"
    },
    "q-NYNHK6JY": {
      "file": "q-NYNHK6JY.js"
    },
    "pgsql-7SVD7L3U": {
      "file": "pgsql-7SVD7L3U.js"
    },
    "php-HM6UHQ2L": {
      "file": "php-HM6UHQ2L.js"
    },
    "php-template-2X3UOKL4": {
      "file": "php-template-2X3UOKL4.js"
    },
    "plaintext-WZFKR6NP": {
      "file": "plaintext-WZFKR6NP.js"
    },
    "pony-OXTK3FIU": {
      "file": "pony-OXTK3FIU.js"
    },
    "powershell-5IOVBVJY": {
      "file": "powershell-5IOVBVJY.js"
    },
    "processing-JQJCWVUH": {
      "file": "processing-JQJCWVUH.js"
    },
    "profile-5OHLEWZU": {
      "file": "profile-5OHLEWZU.js"
    },
    "node-repl-NF64MP4J": {
      "file": "node-repl-NF64MP4J.js"
    },
    "nsis-M4AFZDSV": {
      "file": "nsis-M4AFZDSV.js"
    },
    "objectivec-DEXCKT2D": {
      "file": "objectivec-DEXCKT2D.js"
    },
    "ocaml-TX2DLZED": {
      "file": "ocaml-TX2DLZED.js"
    },
    "openscad-YOESLH46": {
      "file": "openscad-YOESLH46.js"
    },
    "oxygene-P7HXPMOW": {
      "file": "oxygene-P7HXPMOW.js"
    },
    "parser3-DL2NO7N7": {
      "file": "parser3-DL2NO7N7.js"
    },
    "pf-VSRKWEVA": {
      "file": "pf-VSRKWEVA.js"
    },
    "perl-Q5HJMTAL": {
      "file": "perl-Q5HJMTAL.js"
    },
    "mojolicious-VRF47RWP": {
      "file": "mojolicious-VRF47RWP.js"
    },
    "monkey-GNV2ISOX": {
      "file": "monkey-GNV2ISOX.js"
    },
    "moonscript-QTYTLVK6": {
      "file": "moonscript-QTYTLVK6.js"
    },
    "n1ql-7BSYH2XF": {
      "file": "n1ql-7BSYH2XF.js"
    },
    "nginx-D6Z2VJKY": {
      "file": "nginx-D6Z2VJKY.js"
    },
    "nim-VXCUY6AU": {
      "file": "nim-VXCUY6AU.js"
    },
    "nix-HPBJLQL3": {
      "file": "nix-HPBJLQL3.js"
    },
    "makefile-JNIYEYBY": {
      "file": "makefile-JNIYEYBY.js"
    },
    "mathematica-4J6H4RIS": {
      "file": "mathematica-4J6H4RIS.js"
    },
    "matlab-BBQFZXQG": {
      "file": "matlab-BBQFZXQG.js"
    },
    "maxima-DT7LMEHW": {
      "file": "maxima-DT7LMEHW.js"
    },
    "mel-IKKFN2CA": {
      "file": "mel-IKKFN2CA.js"
    },
    "mercury-O4225SED": {
      "file": "mercury-O4225SED.js"
    },
    "mipsasm-H63ACBRZ": {
      "file": "mipsasm-H63ACBRZ.js"
    },
    "mizar-UGVQMAOB": {
      "file": "mizar-UGVQMAOB.js"
    },
    "leaf-AQ65W4AV": {
      "file": "leaf-AQ65W4AV.js"
    },
    "less-6VAEAGGT": {
      "file": "less-6VAEAGGT.js"
    },
    "lisp-QSTEVTBX": {
      "file": "lisp-QSTEVTBX.js"
    },
    "livecodeserver-UXYBVX7A": {
      "file": "livecodeserver-UXYBVX7A.js"
    },
    "livescript-GKFDUOPS": {
      "file": "livescript-GKFDUOPS.js"
    },
    "llvm-X2NE4OD5": {
      "file": "llvm-X2NE4OD5.js"
    },
    "lsl-OWPSDXS5": {
      "file": "lsl-OWPSDXS5.js"
    },
    "lua-6VHTJPRY": {
      "file": "lua-6VHTJPRY.js"
    },
    "jboss-cli-XZSWXZYU": {
      "file": "jboss-cli-XZSWXZYU.js"
    },
    "json-6VLBJYNJ": {
      "file": "json-6VLBJYNJ.js"
    },
    "julia-EGA6BIA5": {
      "file": "julia-EGA6BIA5.js"
    },
    "julia-repl-KUKYNRUF": {
      "file": "julia-repl-KUKYNRUF.js"
    },
    "kotlin-6NRXL5MS": {
      "file": "kotlin-6NRXL5MS.js"
    },
    "lasso-MPZRNZE6": {
      "file": "lasso-MPZRNZE6.js"
    },
    "latex-VE2QDG3P": {
      "file": "latex-VE2QDG3P.js"
    },
    "ldif-46Z6AYRS": {
      "file": "ldif-46Z6AYRS.js"
    },
    "http-IJ6P6TFA": {
      "file": "http-IJ6P6TFA.js"
    },
    "hy-MPMFQRM3": {
      "file": "hy-MPMFQRM3.js"
    },
    "inform7-ZLLBVSLV": {
      "file": "inform7-ZLLBVSLV.js"
    },
    "ini-456GWZCG": {
      "file": "ini-456GWZCG.js"
    },
    "irpf90-RG22PR7Z": {
      "file": "irpf90-RG22PR7Z.js"
    },
    "isbl-VWQ6EBHO": {
      "file": "isbl-VWQ6EBHO.js"
    },
    "java-TPPJH2JF": {
      "file": "java-TPPJH2JF.js"
    },
    "javascript-5PF6Q3GU": {
      "file": "javascript-5PF6Q3GU.js"
    },
    "gradle-AQ3TNXGC": {
      "file": "gradle-AQ3TNXGC.js"
    },
    "groovy-6YMFFXBF": {
      "file": "groovy-6YMFFXBF.js"
    },
    "haml-BH6KH7EL": {
      "file": "haml-BH6KH7EL.js"
    },
    "handlebars-Z7P5UI5J": {
      "file": "handlebars-Z7P5UI5J.js"
    },
    "haskell-R6DGV3L5": {
      "file": "haskell-R6DGV3L5.js"
    },
    "haxe-ODWUZKXG": {
      "file": "haxe-ODWUZKXG.js"
    },
    "hsp-SEG675QF": {
      "file": "hsp-SEG675QF.js"
    },
    "htmlbars-II2OQLAQ": {
      "file": "htmlbars-II2OQLAQ.js"
    },
    "gams-NI3HHLSP": {
      "file": "gams-NI3HHLSP.js"
    },
    "gauss-KSKQ4VUN": {
      "file": "gauss-KSKQ4VUN.js"
    },
    "gcode-G3DTDNNF": {
      "file": "gcode-G3DTDNNF.js"
    },
    "gherkin-2FZYTQ32": {
      "file": "gherkin-2FZYTQ32.js"
    },
    "glsl-KWY2AGQE": {
      "file": "glsl-KWY2AGQE.js"
    },
    "gml-QERGJGOF": {
      "file": "gml-QERGJGOF.js"
    },
    "go-XFKD3TNC": {
      "file": "go-XFKD3TNC.js"
    },
    "golo-RV4F4AFP": {
      "file": "golo-RV4F4AFP.js"
    },
    "erb-HXU7OZWA": {
      "file": "erb-HXU7OZWA.js"
    },
    "erlang-repl-HQEWUOKF": {
      "file": "erlang-repl-HQEWUOKF.js"
    },
    "erlang-RW7QXECF": {
      "file": "erlang-RW7QXECF.js"
    },
    "excel-XYAPAVCG": {
      "file": "excel-XYAPAVCG.js"
    },
    "fix-VMXRLEIT": {
      "file": "fix-VMXRLEIT.js"
    },
    "flix-BW5IMNOQ": {
      "file": "flix-BW5IMNOQ.js"
    },
    "fortran-SZKTS5BR": {
      "file": "fortran-SZKTS5BR.js"
    },
    "fsharp-QOCARHFF": {
      "file": "fsharp-QOCARHFF.js"
    },
    "dos-TXSGXDWD": {
      "file": "dos-TXSGXDWD.js"
    },
    "dsconfig-TVD76XC2": {
      "file": "dsconfig-TVD76XC2.js"
    },
    "dts-HQPEQYEZ": {
      "file": "dts-HQPEQYEZ.js"
    },
    "dust-45SO6KE4": {
      "file": "dust-45SO6KE4.js"
    },
    "ebnf-NZIAASL7": {
      "file": "ebnf-NZIAASL7.js"
    },
    "elixir-5RDOZXP6": {
      "file": "elixir-5RDOZXP6.js"
    },
    "elm-PHWMN2A5": {
      "file": "elm-PHWMN2A5.js"
    },
    "ruby-MGHUYNTX": {
      "file": "ruby-MGHUYNTX.js"
    },
    "d-VZKUY7JL": {
      "file": "d-VZKUY7JL.js"
    },
    "markdown-V72PGI2Y": {
      "file": "markdown-V72PGI2Y.js"
    },
    "dart-K32E3LEY": {
      "file": "dart-K32E3LEY.js"
    },
    "delphi-LVPN5XZW": {
      "file": "delphi-LVPN5XZW.js"
    },
    "diff-W56C7DCR": {
      "file": "diff-W56C7DCR.js"
    },
    "django-FV4BARBB": {
      "file": "django-FV4BARBB.js"
    },
    "dns-XOEVH4ZS": {
      "file": "dns-XOEVH4ZS.js"
    },
    "dockerfile-4KRQ2P5L": {
      "file": "dockerfile-4KRQ2P5L.js"
    },
    "coq-XBAWDUZN": {
      "file": "coq-XBAWDUZN.js"
    },
    "cos-OG5DGCVC": {
      "file": "cos-OG5DGCVC.js"
    },
    "cpp-H5SFD2CZ": {
      "file": "cpp-H5SFD2CZ.js"
    },
    "crmsh-3A36MHPK": {
      "file": "crmsh-3A36MHPK.js"
    },
    "crystal-UURH2ZDV": {
      "file": "crystal-UURH2ZDV.js"
    },
    "csharp-7DAI2O5K": {
      "file": "csharp-7DAI2O5K.js"
    },
    "csp-WB65S4BX": {
      "file": "csp-WB65S4BX.js"
    },
    "css-IPU2HWBG": {
      "file": "css-IPU2HWBG.js"
    },
    "cal-6HVP7E3N": {
      "file": "cal-6HVP7E3N.js"
    },
    "capnproto-KKV5ZPXE": {
      "file": "capnproto-KKV5ZPXE.js"
    },
    "ceylon-QLJLBLOZ": {
      "file": "ceylon-QLJLBLOZ.js"
    },
    "clean-ZPCTDX6W": {
      "file": "clean-ZPCTDX6W.js"
    },
    "clojure-JIOF5NXP": {
      "file": "clojure-JIOF5NXP.js"
    },
    "clojure-repl-7QDADSTW": {
      "file": "clojure-repl-7QDADSTW.js"
    },
    "cmake-VD7K3BJW": {
      "file": "cmake-VD7K3BJW.js"
    },
    "coffeescript-Z2LBBEXZ": {
      "file": "coffeescript-Z2LBBEXZ.js"
    },
    "awk-XBE6YB6I": {
      "file": "awk-XBE6YB6I.js"
    },
    "axapta-PAXHMU5G": {
      "file": "axapta-PAXHMU5G.js"
    },
    "bash-YK4CUBRR": {
      "file": "bash-YK4CUBRR.js"
    },
    "basic-YCFMJOAF": {
      "file": "basic-YCFMJOAF.js"
    },
    "bnf-JMYFEAGK": {
      "file": "bnf-JMYFEAGK.js"
    },
    "brainfuck-QGWPPC6U": {
      "file": "brainfuck-QGWPPC6U.js"
    },
    "c-like-7SLXA6GH": {
      "file": "c-like-7SLXA6GH.js"
    },
    "c-D5Z67GVI": {
      "file": "c-D5Z67GVI.js"
    },
    "arduino-MPGYTOHM": {
      "file": "arduino-MPGYTOHM.js"
    },
    "armasm-ATGHEGMF": {
      "file": "armasm-ATGHEGMF.js"
    },
    "xml-KFSYSVYS": {
      "file": "xml-KFSYSVYS.js"
    },
    "asciidoc-Z55MVFW3": {
      "file": "asciidoc-Z55MVFW3.js"
    },
    "aspectj-E3CV4ZOX": {
      "file": "aspectj-E3CV4ZOX.js"
    },
    "autohotkey-ZSDOLAQ5": {
      "file": "autohotkey-ZSDOLAQ5.js"
    },
    "autoit-GIIZ47UJ": {
      "file": "autoit-GIIZ47UJ.js"
    },
    "avrasm-W2T3V4A3": {
      "file": "avrasm-W2T3V4A3.js"
    },
    "abnf-FLDPJHKG": {
      "file": "abnf-FLDPJHKG.js"
    },
    "accesslog-ZWXFT7WO": {
      "file": "accesslog-ZWXFT7WO.js"
    },
    "actionscript-27FZ4KML": {
      "file": "actionscript-27FZ4KML.js"
    },
    "ada-DQ7NQGOU": {
      "file": "ada-DQ7NQGOU.js"
    },
    "angelscript-QUTX6HMU": {
      "file": "angelscript-QUTX6HMU.js"
    },
    "apache-DOFU3VAB": {
      "file": "apache-DOFU3VAB.js"
    },
    "applescript-C5WF4L7S": {
      "file": "applescript-C5WF4L7S.js"
    },
    "arcade-UWTTIV7C": {
      "file": "arcade-UWTTIV7C.js"
    },
    "chunk-VI6FVFLU": {
      "file": "chunk-VI6FVFLU.js"
    },
    "core-YEQRC74O": {
      "file": "core-YEQRC74O.js"
    },
    "1c-WO74C7KJ": {
      "file": "1c-WO74C7KJ.js"
    },
    "chunk-BJKQYXTU": {
      "file": "chunk-BJKQYXTU.js"
    },
    "chunk-27I7EFQB": {
      "file": "chunk-27I7EFQB.js"
    },
    "chunk-SCWECB7K": {
      "file": "chunk-SCWECB7K.js"
    },
    "chunk-EW7EJS26": {
      "file": "chunk-EW7EJS26.js"
    },
    "chunk-SNX3Y5QJ": {
      "file": "chunk-SNX3Y5QJ.js"
    },
    "chunk-PPMVKU6J": {
      "file": "chunk-PPMVKU6J.js"
    },
    "chunk-T6XNSRBY": {
      "file": "chunk-T6XNSRBY.js"
    },
    "chunk-FBWOCC3K": {
      "file": "chunk-FBWOCC3K.js"
    },
    "chunk-WFTWHUK3": {
      "file": "chunk-WFTWHUK3.js"
    },
    "chunk-LYSCQAPK": {
      "file": "chunk-LYSCQAPK.js"
    },
    "chunk-WBHX55ES": {
      "file": "chunk-WBHX55ES.js"
    },
    "chunk-VZO77DW4": {
      "file": "chunk-VZO77DW4.js"
    },
    "chunk-RXQAU5MJ": {
      "file": "chunk-RXQAU5MJ.js"
    },
    "chunk-UZE4P77Z": {
      "file": "chunk-UZE4P77Z.js"
    },
    "chunk-NRSDJHPA": {
      "file": "chunk-NRSDJHPA.js"
    },
    "chunk-MJNPEDVT": {
      "file": "chunk-MJNPEDVT.js"
    },
    "chunk-UMTJBF5H": {
      "file": "chunk-UMTJBF5H.js"
    },
    "chunk-VAIJTE55": {
      "file": "chunk-VAIJTE55.js"
    },
    "chunk-JGCRFX4M": {
      "file": "chunk-JGCRFX4M.js"
    },
    "chunk-7QQAF6ZB": {
      "file": "chunk-7QQAF6ZB.js"
    },
    "chunk-6KW66F5R": {
      "file": "chunk-6KW66F5R.js"
    },
    "chunk-YWLY3WG6": {
      "file": "chunk-YWLY3WG6.js"
    },
    "chunk-WQZGDZNO": {
      "file": "chunk-WQZGDZNO.js"
    },
    "chunk-PQOMX2VN": {
      "file": "chunk-PQOMX2VN.js"
    },
    "chunk-6J3Y422S": {
      "file": "chunk-6J3Y422S.js"
    },
    "chunk-6PBGXFNJ": {
      "file": "chunk-6PBGXFNJ.js"
    },
    "chunk-FILGXU65": {
      "file": "chunk-FILGXU65.js"
    },
    "chunk-NTEE7IHX": {
      "file": "chunk-NTEE7IHX.js"
    },
    "chunk-CSTIXPEL": {
      "file": "chunk-CSTIXPEL.js"
    },
    "chunk-A5YPDDAN": {
      "file": "chunk-A5YPDDAN.js"
    },
    "chunk-Q3EZG2B3": {
      "file": "chunk-Q3EZG2B3.js"
    },
    "chunk-PXR2BK4D": {
      "file": "chunk-PXR2BK4D.js"
    },
    "chunk-LNVVXOVK": {
      "file": "chunk-LNVVXOVK.js"
    },
    "chunk-5ATEI3C7": {
      "file": "chunk-5ATEI3C7.js"
    },
    "chunk-KVN7OMDI": {
      "file": "chunk-KVN7OMDI.js"
    },
    "chunk-Q47JG2VN": {
      "file": "chunk-Q47JG2VN.js"
    },
    "chunk-5IPEEV24": {
      "file": "chunk-5IPEEV24.js"
    },
    "chunk-2NQPXPF3": {
      "file": "chunk-2NQPXPF3.js"
    },
    "chunk-V65ZPNXX": {
      "file": "chunk-V65ZPNXX.js"
    },
    "chunk-N3BMF65O": {
      "file": "chunk-N3BMF65O.js"
    },
    "chunk-DU3UF2ZJ": {
      "file": "chunk-DU3UF2ZJ.js"
    },
    "chunk-5CAAOG4M": {
      "file": "chunk-5CAAOG4M.js"
    },
    "chunk-D7PFO3VM": {
      "file": "chunk-D7PFO3VM.js"
    },
    "chunk-GLV7IZ3M": {
      "file": "chunk-GLV7IZ3M.js"
    },
    "chunk-V4HTTQE2": {
      "file": "chunk-V4HTTQE2.js"
    },
    "chunk-OELE224U": {
      "file": "chunk-OELE224U.js"
    },
    "chunk-NB3IXYKV": {
      "file": "chunk-NB3IXYKV.js"
    },
    "chunk-3FMZ2IK2": {
      "file": "chunk-3FMZ2IK2.js"
    },
    "chunk-WACYBBPM": {
      "file": "chunk-WACYBBPM.js"
    },
    "chunk-ABTDIFQU": {
      "file": "chunk-ABTDIFQU.js"
    },
    "chunk-K4A5A5OD": {
      "file": "chunk-K4A5A5OD.js"
    },
    "chunk-CXXJL6CS": {
      "file": "chunk-CXXJL6CS.js"
    },
    "chunk-JJHFEMWY": {
      "file": "chunk-JJHFEMWY.js"
    },
    "chunk-C6LI7FM2": {
      "file": "chunk-C6LI7FM2.js"
    },
    "chunk-M3XKYCMR": {
      "file": "chunk-M3XKYCMR.js"
    },
    "chunk-MZICVEHT": {
      "file": "chunk-MZICVEHT.js"
    },
    "chunk-6XLQXWKJ": {
      "file": "chunk-6XLQXWKJ.js"
    },
    "chunk-NWDHYRYP": {
      "file": "chunk-NWDHYRYP.js"
    },
    "chunk-JGNXFYEP": {
      "file": "chunk-JGNXFYEP.js"
    },
    "chunk-KXTYBZSG": {
      "file": "chunk-KXTYBZSG.js"
    },
    "chunk-DG72ZWXY": {
      "file": "chunk-DG72ZWXY.js"
    },
    "chunk-PZH4NISL": {
      "file": "chunk-PZH4NISL.js"
    },
    "chunk-YR67N6GR": {
      "file": "chunk-YR67N6GR.js"
    },
    "chunk-HQXFJYXC": {
      "file": "chunk-HQXFJYXC.js"
    },
    "chunk-4W2J3TD6": {
      "file": "chunk-4W2J3TD6.js"
    },
    "chunk-WAY2R7WQ": {
      "file": "chunk-WAY2R7WQ.js"
    },
    "chunk-W3OCYLS6": {
      "file": "chunk-W3OCYLS6.js"
    },
    "chunk-K734EAMF": {
      "file": "chunk-K734EAMF.js"
    },
    "chunk-3YWRL26E": {
      "file": "chunk-3YWRL26E.js"
    },
    "chunk-Z2XNMOGZ": {
      "file": "chunk-Z2XNMOGZ.js"
    },
    "chunk-2S6OCX34": {
      "file": "chunk-2S6OCX34.js"
    },
    "chunk-F7NAZB2P": {
      "file": "chunk-F7NAZB2P.js"
    },
    "chunk-JEYUNWNY": {
      "file": "chunk-JEYUNWNY.js"
    },
    "chunk-DA3JNYNL": {
      "file": "chunk-DA3JNYNL.js"
    },
    "chunk-OFB6HT2P": {
      "file": "chunk-OFB6HT2P.js"
    },
    "chunk-R56OVQGT": {
      "file": "chunk-R56OVQGT.js"
    },
    "chunk-N4JT6N3U": {
      "file": "chunk-N4JT6N3U.js"
    },
    "chunk-JVBVT5FS": {
      "file": "chunk-JVBVT5FS.js"
    },
    "chunk-DBVXEZJ4": {
      "file": "chunk-DBVXEZJ4.js"
    },
    "chunk-CR5FBLUC": {
      "file": "chunk-CR5FBLUC.js"
    },
    "chunk-L2M22DXQ": {
      "file": "chunk-L2M22DXQ.js"
    },
    "chunk-SW6VZNR6": {
      "file": "chunk-SW6VZNR6.js"
    },
    "chunk-SCFU4TIL": {
      "file": "chunk-SCFU4TIL.js"
    },
    "chunk-TPT5M5G5": {
      "file": "chunk-TPT5M5G5.js"
    },
    "chunk-TTYSTM7K": {
      "file": "chunk-TTYSTM7K.js"
    },
    "chunk-UWDNJQ7U": {
      "file": "chunk-UWDNJQ7U.js"
    },
    "chunk-7MNX5YMQ": {
      "file": "chunk-7MNX5YMQ.js"
    },
    "chunk-Q7NIG5ZM": {
      "file": "chunk-Q7NIG5ZM.js"
    },
    "chunk-2UXC7MCY": {
      "file": "chunk-2UXC7MCY.js"
    },
    "chunk-MJLFEHXR": {
      "file": "chunk-MJLFEHXR.js"
    },
    "chunk-5IO66YBY": {
      "file": "chunk-5IO66YBY.js"
    },
    "chunk-SF5OIV7D": {
      "file": "chunk-SF5OIV7D.js"
    },
    "chunk-XXCG7VJD": {
      "file": "chunk-XXCG7VJD.js"
    },
    "chunk-VX6AK5OR": {
      "file": "chunk-VX6AK5OR.js"
    },
    "chunk-ZOJKVVXD": {
      "file": "chunk-ZOJKVVXD.js"
    },
    "chunk-5O4BTQAQ": {
      "file": "chunk-5O4BTQAQ.js"
    },
    "chunk-B4SKP6DM": {
      "file": "chunk-B4SKP6DM.js"
    },
    "chunk-RCVLGUQ7": {
      "file": "chunk-RCVLGUQ7.js"
    },
    "chunk-KDKWWB7I": {
      "file": "chunk-KDKWWB7I.js"
    },
    "chunk-BKIDIA62": {
      "file": "chunk-BKIDIA62.js"
    },
    "chunk-UM4JEYHR": {
      "file": "chunk-UM4JEYHR.js"
    },
    "chunk-NJYVY7F4": {
      "file": "chunk-NJYVY7F4.js"
    },
    "chunk-5W4Q3EZP": {
      "file": "chunk-5W4Q3EZP.js"
    },
    "chunk-P5BBEMQX": {
      "file": "chunk-P5BBEMQX.js"
    },
    "chunk-O57MYKIK": {
      "file": "chunk-O57MYKIK.js"
    },
    "chunk-4MB6GQZ6": {
      "file": "chunk-4MB6GQZ6.js"
    },
    "chunk-LBHN3LZC": {
      "file": "chunk-LBHN3LZC.js"
    },
    "chunk-J26POHXE": {
      "file": "chunk-J26POHXE.js"
    },
    "chunk-Z33TSBUJ": {
      "file": "chunk-Z33TSBUJ.js"
    },
    "chunk-DZ47ATZQ": {
      "file": "chunk-DZ47ATZQ.js"
    },
    "chunk-JRVS5GLC": {
      "file": "chunk-JRVS5GLC.js"
    },
    "chunk-WNXKIDXF": {
      "file": "chunk-WNXKIDXF.js"
    },
    "chunk-UE6OYIWJ": {
      "file": "chunk-UE6OYIWJ.js"
    },
    "chunk-3QQR7RZP": {
      "file": "chunk-3QQR7RZP.js"
    },
    "chunk-T2CRETUL": {
      "file": "chunk-T2CRETUL.js"
    },
    "chunk-6NFQ3HYT": {
      "file": "chunk-6NFQ3HYT.js"
    },
    "chunk-TLRQZLG4": {
      "file": "chunk-TLRQZLG4.js"
    },
    "chunk-W6JEVYBO": {
      "file": "chunk-W6JEVYBO.js"
    },
    "chunk-F63LPZJY": {
      "file": "chunk-F63LPZJY.js"
    },
    "chunk-E5ZQWP6Q": {
      "file": "chunk-E5ZQWP6Q.js"
    },
    "chunk-SXGA7LOE": {
      "file": "chunk-SXGA7LOE.js"
    },
    "chunk-H7FEUW3T": {
      "file": "chunk-H7FEUW3T.js"
    },
    "chunk-FLCN6DD6": {
      "file": "chunk-FLCN6DD6.js"
    },
    "chunk-23JHFL2H": {
      "file": "chunk-23JHFL2H.js"
    },
    "chunk-X7IM7G5I": {
      "file": "chunk-X7IM7G5I.js"
    },
    "chunk-WENJDG2F": {
      "file": "chunk-WENJDG2F.js"
    },
    "chunk-WTEFCUKM": {
      "file": "chunk-WTEFCUKM.js"
    },
    "chunk-Q3BUUQI5": {
      "file": "chunk-Q3BUUQI5.js"
    },
    "chunk-4R6IBWZH": {
      "file": "chunk-4R6IBWZH.js"
    },
    "chunk-SI27EOGM": {
      "file": "chunk-SI27EOGM.js"
    },
    "chunk-E32B4GVW": {
      "file": "chunk-E32B4GVW.js"
    },
    "chunk-RKJLF5BO": {
      "file": "chunk-RKJLF5BO.js"
    },
    "chunk-W6VROUUZ": {
      "file": "chunk-W6VROUUZ.js"
    },
    "chunk-RYHSLKDH": {
      "file": "chunk-RYHSLKDH.js"
    },
    "chunk-GFWC3M6C": {
      "file": "chunk-GFWC3M6C.js"
    },
    "chunk-OQZIZMOG": {
      "file": "chunk-OQZIZMOG.js"
    },
    "chunk-VO3VQU5S": {
      "file": "chunk-VO3VQU5S.js"
    },
    "chunk-KABM44LW": {
      "file": "chunk-KABM44LW.js"
    },
    "chunk-Y32EB5II": {
      "file": "chunk-Y32EB5II.js"
    },
    "chunk-P46JZZCI": {
      "file": "chunk-P46JZZCI.js"
    },
    "chunk-IOBDHQJV": {
      "file": "chunk-IOBDHQJV.js"
    },
    "chunk-UVOQVI7G": {
      "file": "chunk-UVOQVI7G.js"
    },
    "chunk-Y72XJKZQ": {
      "file": "chunk-Y72XJKZQ.js"
    },
    "chunk-J3E5SSK6": {
      "file": "chunk-J3E5SSK6.js"
    },
    "chunk-4VBSWUQN": {
      "file": "chunk-4VBSWUQN.js"
    },
    "chunk-GVRREGHE": {
      "file": "chunk-GVRREGHE.js"
    },
    "chunk-L5PBV3OK": {
      "file": "chunk-L5PBV3OK.js"
    },
    "chunk-PSE6UZ7S": {
      "file": "chunk-PSE6UZ7S.js"
    },
    "chunk-NYYEKSUW": {
      "file": "chunk-NYYEKSUW.js"
    },
    "chunk-SQIHTYDY": {
      "file": "chunk-SQIHTYDY.js"
    },
    "chunk-7DSCBEEQ": {
      "file": "chunk-7DSCBEEQ.js"
    },
    "chunk-YD7HDIT6": {
      "file": "chunk-YD7HDIT6.js"
    },
    "chunk-ZX3FLVJU": {
      "file": "chunk-ZX3FLVJU.js"
    },
    "chunk-2IBJPAOF": {
      "file": "chunk-2IBJPAOF.js"
    },
    "chunk-5WUHAQMC": {
      "file": "chunk-5WUHAQMC.js"
    },
    "chunk-OZTWNQQ6": {
      "file": "chunk-OZTWNQQ6.js"
    },
    "chunk-NVHKTICB": {
      "file": "chunk-NVHKTICB.js"
    },
    "chunk-AR5ESXK4": {
      "file": "chunk-AR5ESXK4.js"
    },
    "chunk-NJHSV4MQ": {
      "file": "chunk-NJHSV4MQ.js"
    },
    "chunk-2CJ33I33": {
      "file": "chunk-2CJ33I33.js"
    },
    "chunk-7VH23ZX6": {
      "file": "chunk-7VH23ZX6.js"
    },
    "chunk-VLTJQGDM": {
      "file": "chunk-VLTJQGDM.js"
    },
    "chunk-H2KPNDYF": {
      "file": "chunk-H2KPNDYF.js"
    },
    "chunk-CCEWGCYE": {
      "file": "chunk-CCEWGCYE.js"
    },
    "chunk-SSN6T377": {
      "file": "chunk-SSN6T377.js"
    },
    "chunk-RYY5ZMS4": {
      "file": "chunk-RYY5ZMS4.js"
    },
    "chunk-H3N6VWVH": {
      "file": "chunk-H3N6VWVH.js"
    },
    "chunk-HICUT7WD": {
      "file": "chunk-HICUT7WD.js"
    },
    "chunk-AMF3QZNJ": {
      "file": "chunk-AMF3QZNJ.js"
    },
    "chunk-VUBTQFXH": {
      "file": "chunk-VUBTQFXH.js"
    },
    "chunk-2NJBCCC2": {
      "file": "chunk-2NJBCCC2.js"
    },
    "chunk-JQXHVZC7": {
      "file": "chunk-JQXHVZC7.js"
    },
    "chunk-EPQVNN5J": {
      "file": "chunk-EPQVNN5J.js"
    },
    "chunk-DZFQIER5": {
      "file": "chunk-DZFQIER5.js"
    },
    "chunk-UAZPSLBA": {
      "file": "chunk-UAZPSLBA.js"
    },
    "chunk-O32CH7NO": {
      "file": "chunk-O32CH7NO.js"
    },
    "chunk-2GBXW6PT": {
      "file": "chunk-2GBXW6PT.js"
    },
    "chunk-SUKWGYLZ": {
      "file": "chunk-SUKWGYLZ.js"
    },
    "chunk-PSIJVGXM": {
      "file": "chunk-PSIJVGXM.js"
    },
    "chunk-O6F5GCVU": {
      "file": "chunk-O6F5GCVU.js"
    },
    "chunk-4ENMHCB3": {
      "file": "chunk-4ENMHCB3.js"
    },
    "chunk-KOFJ2SVF": {
      "file": "chunk-KOFJ2SVF.js"
    },
    "chunk-X7MG43ER": {
      "file": "chunk-X7MG43ER.js"
    },
    "chunk-FITXTABA": {
      "file": "chunk-FITXTABA.js"
    },
    "chunk-U3WX73HR": {
      "file": "chunk-U3WX73HR.js"
    },
    "chunk-63ZM4L6U": {
      "file": "chunk-63ZM4L6U.js"
    },
    "chunk-UMTBFS4L": {
      "file": "chunk-UMTBFS4L.js"
    },
    "chunk-IQFF5KJX": {
      "file": "chunk-IQFF5KJX.js"
    },
    "chunk-IOYKKVML": {
      "file": "chunk-IOYKKVML.js"
    },
    "chunk-WZHPN3Y7": {
      "file": "chunk-WZHPN3Y7.js"
    },
    "chunk-BWCIKWKA": {
      "file": "chunk-BWCIKWKA.js"
    },
    "chunk-MVHQQ6BG": {
      "file": "chunk-MVHQQ6BG.js"
    },
    "chunk-WFD3BN5Z": {
      "file": "chunk-WFD3BN5Z.js"
    },
    "chunk-Q2PLLBIH": {
      "file": "chunk-Q2PLLBIH.js"
    },
    "chunk-NA7HDR7Y": {
      "file": "chunk-NA7HDR7Y.js"
    },
    "chunk-NV7FRP7U": {
      "file": "chunk-NV7FRP7U.js"
    },
    "chunk-FGQ6YXL3": {
      "file": "chunk-FGQ6YXL3.js"
    },
    "chunk-SEPSSPHT": {
      "file": "chunk-SEPSSPHT.js"
    },
    "chunk-NCV3KLZO": {
      "file": "chunk-NCV3KLZO.js"
    },
    "chunk-5EFAM57N": {
      "file": "chunk-5EFAM57N.js"
    },
    "chunk-UB3RVOTU": {
      "file": "chunk-UB3RVOTU.js"
    },
    "chunk-AEY6IEXF": {
      "file": "chunk-AEY6IEXF.js"
    },
    "chunk-FGBLK4IW": {
      "file": "chunk-FGBLK4IW.js"
    },
    "chunk-WCN2KOUS": {
      "file": "chunk-WCN2KOUS.js"
    },
    "chunk-AYP3J727": {
      "file": "chunk-AYP3J727.js"
    },
    "chunk-NNDPUR63": {
      "file": "chunk-NNDPUR63.js"
    },
    "chunk-R6AYLZRY": {
      "file": "chunk-R6AYLZRY.js"
    },
    "chunk-GGYQ4O63": {
      "file": "chunk-GGYQ4O63.js"
    },
    "chunk-3AJUNOSR": {
      "file": "chunk-3AJUNOSR.js"
    },
    "chunk-VLUMPAUJ": {
      "file": "chunk-VLUMPAUJ.js"
    },
    "chunk-7IEH3ARH": {
      "file": "chunk-7IEH3ARH.js"
    },
    "chunk-U7GUYJ7F": {
      "file": "chunk-U7GUYJ7F.js"
    },
    "chunk-5WR4AQGJ": {
      "file": "chunk-5WR4AQGJ.js"
    },
    "chunk-7STX34WK": {
      "file": "chunk-7STX34WK.js"
    },
    "chunk-4Q23KPNX": {
      "file": "chunk-4Q23KPNX.js"
    },
    "chunk-HKN6HMNE": {
      "file": "chunk-HKN6HMNE.js"
    },
    "chunk-NBPEDRCC": {
      "file": "chunk-NBPEDRCC.js"
    },
    "chunk-7F54KHYF": {
      "file": "chunk-7F54KHYF.js"
    },
    "chunk-YIPULOUT": {
      "file": "chunk-YIPULOUT.js"
    },
    "chunk-DE5EMU3U": {
      "file": "chunk-DE5EMU3U.js"
    },
    "chunk-5S6MUXOZ": {
      "file": "chunk-5S6MUXOZ.js"
    },
    "chunk-LUGD3W56": {
      "file": "chunk-LUGD3W56.js"
    },
    "chunk-5IIMGRC5": {
      "file": "chunk-5IIMGRC5.js"
    },
    "chunk-DD4FD5XO": {
      "file": "chunk-DD4FD5XO.js"
    },
    "chunk-LSSL2OHM": {
      "file": "chunk-LSSL2OHM.js"
    },
    "chunk-B2N7L5SF": {
      "file": "chunk-B2N7L5SF.js"
    },
    "chunk-C4RVBVMH": {
      "file": "chunk-C4RVBVMH.js"
    },
    "chunk-XBI4VPRC": {
      "file": "chunk-XBI4VPRC.js"
    },
    "chunk-KHLULJPO": {
      "file": "chunk-KHLULJPO.js"
    },
    "chunk-GOHN552B": {
      "file": "chunk-GOHN552B.js"
    },
    "chunk-MXG6WHTA": {
      "file": "chunk-MXG6WHTA.js"
    },
    "chunk-HGIQJLCD": {
      "file": "chunk-HGIQJLCD.js"
    },
    "chunk-GEGCQWPW": {
      "file": "chunk-GEGCQWPW.js"
    },
    "chunk-ELYQ4K7U": {
      "file": "chunk-ELYQ4K7U.js"
    },
    "chunk-4F5KIVGL": {
      "file": "chunk-4F5KIVGL.js"
    },
    "chunk-4IGLCEY7": {
      "file": "chunk-4IGLCEY7.js"
    },
    "chunk-3V36F6SV": {
      "file": "chunk-3V36F6SV.js"
    },
    "chunk-OQWXS7NV": {
      "file": "chunk-OQWXS7NV.js"
    },
    "chunk-WIVDJYNL": {
      "file": "chunk-WIVDJYNL.js"
    },
    "chunk-7I6GBVNQ": {
      "file": "chunk-7I6GBVNQ.js"
    },
    "chunk-2QFSUQ4R": {
      "file": "chunk-2QFSUQ4R.js"
    },
    "chunk-3DKKS7ET": {
      "file": "chunk-3DKKS7ET.js"
    },
    "chunk-HHF5L6MV": {
      "file": "chunk-HHF5L6MV.js"
    },
    "chunk-B4PE6DHY": {
      "file": "chunk-B4PE6DHY.js"
    },
    "chunk-KOYTL6HT": {
      "file": "chunk-KOYTL6HT.js"
    },
    "chunk-RLRTQL3E": {
      "file": "chunk-RLRTQL3E.js"
    },
    "chunk-DTWCIIVS": {
      "file": "chunk-DTWCIIVS.js"
    },
    "chunk-QAMAUWU5": {
      "file": "chunk-QAMAUWU5.js"
    },
    "chunk-XWOW7WK2": {
      "file": "chunk-XWOW7WK2.js"
    },
    "chunk-OXMV43SD": {
      "file": "chunk-OXMV43SD.js"
    },
    "chunk-J6ZR7HY5": {
      "file": "chunk-J6ZR7HY5.js"
    },
    "chunk-UF4OUKMN": {
      "file": "chunk-UF4OUKMN.js"
    },
    "chunk-PYKVLQ2T": {
      "file": "chunk-PYKVLQ2T.js"
    },
    "chunk-WKX5K3GR": {
      "file": "chunk-WKX5K3GR.js"
    },
    "chunk-SOGECOSC": {
      "file": "chunk-SOGECOSC.js"
    },
    "chunk-FNOFZACN": {
      "file": "chunk-FNOFZACN.js"
    },
    "chunk-YFDMVLTQ": {
      "file": "chunk-YFDMVLTQ.js"
    },
    "chunk-5DOGEVMM": {
      "file": "chunk-5DOGEVMM.js"
    },
    "chunk-7BCG4JFI": {
      "file": "chunk-7BCG4JFI.js"
    },
    "chunk-YBYOTJUC": {
      "file": "chunk-YBYOTJUC.js"
    },
    "chunk-FBXUVPU2": {
      "file": "chunk-FBXUVPU2.js"
    },
    "chunk-6NFV4673": {
      "file": "chunk-6NFV4673.js"
    },
    "chunk-3JYKYZ7N": {
      "file": "chunk-3JYKYZ7N.js"
    },
    "chunk-UNTPQDB7": {
      "file": "chunk-UNTPQDB7.js"
    },
    "chunk-DE62CHKZ": {
      "file": "chunk-DE62CHKZ.js"
    },
    "chunk-F6EDU3KZ": {
      "file": "chunk-F6EDU3KZ.js"
    },
    "chunk-U337EEW7": {
      "file": "chunk-U337EEW7.js"
    },
    "chunk-2RL3G3RW": {
      "file": "chunk-2RL3G3RW.js"
    },
    "chunk-44FPENME": {
      "file": "chunk-44FPENME.js"
    },
    "chunk-LPTGPOEO": {
      "file": "chunk-LPTGPOEO.js"
    },
    "chunk-IJTSFRA5": {
      "file": "chunk-IJTSFRA5.js"
    },
    "chunk-VIXBRQ7V": {
      "file": "chunk-VIXBRQ7V.js"
    },
    "chunk-7GEIWIIX": {
      "file": "chunk-7GEIWIIX.js"
    },
    "chunk-5QEEV5OI": {
      "file": "chunk-5QEEV5OI.js"
    },
    "chunk-UQWTP3NR": {
      "file": "chunk-UQWTP3NR.js"
    },
    "chunk-P4GDKEOM": {
      "file": "chunk-P4GDKEOM.js"
    },
    "chunk-6QYP3RUW": {
      "file": "chunk-6QYP3RUW.js"
    },
    "chunk-MD2NZNSC": {
      "file": "chunk-MD2NZNSC.js"
    },
    "chunk-VJOICHI4": {
      "file": "chunk-VJOICHI4.js"
    },
    "chunk-ZJCQ7UOD": {
      "file": "chunk-ZJCQ7UOD.js"
    },
    "chunk-4N7VYTFL": {
      "file": "chunk-4N7VYTFL.js"
    },
    "chunk-2NEUAHVA": {
      "file": "chunk-2NEUAHVA.js"
    },
    "chunk-KNNUOJU5": {
      "file": "chunk-KNNUOJU5.js"
    },
    "chunk-A6JYTRPE": {
      "file": "chunk-A6JYTRPE.js"
    },
    "chunk-FP2WHVNT": {
      "file": "chunk-FP2WHVNT.js"
    },
    "chunk-I24BDREZ": {
      "file": "chunk-I24BDREZ.js"
    },
    "chunk-M4CIUN6N": {
      "file": "chunk-M4CIUN6N.js"
    },
    "chunk-IBWQXX3E": {
      "file": "chunk-IBWQXX3E.js"
    },
    "chunk-OAARGJAQ": {
      "file": "chunk-OAARGJAQ.js"
    },
    "chunk-W5U7HUUA": {
      "file": "chunk-W5U7HUUA.js"
    },
    "chunk-4XJM7N6O": {
      "file": "chunk-4XJM7N6O.js"
    },
    "chunk-OUXKCHCV": {
      "file": "chunk-OUXKCHCV.js"
    },
    "chunk-256VR4PM": {
      "file": "chunk-256VR4PM.js"
    },
    "chunk-F7GZKAVI": {
      "file": "chunk-F7GZKAVI.js"
    },
    "chunk-B4UHIPOO": {
      "file": "chunk-B4UHIPOO.js"
    },
    "chunk-XRPX3NJC": {
      "file": "chunk-XRPX3NJC.js"
    },
    "chunk-AQNA26I4": {
      "file": "chunk-AQNA26I4.js"
    },
    "chunk-UF5A7NCA": {
      "file": "chunk-UF5A7NCA.js"
    },
    "chunk-WQHG7BFD": {
      "file": "chunk-WQHG7BFD.js"
    },
    "chunk-IGKG34RR": {
      "file": "chunk-IGKG34RR.js"
    },
    "chunk-N37XY22W": {
      "file": "chunk-N37XY22W.js"
    },
    "chunk-HN6MLR5M": {
      "file": "chunk-HN6MLR5M.js"
    },
    "chunk-L4B7DMD5": {
      "file": "chunk-L4B7DMD5.js"
    },
    "chunk-WSJAP5IM": {
      "file": "chunk-WSJAP5IM.js"
    },
    "chunk-2BOQZAKH": {
      "file": "chunk-2BOQZAKH.js"
    },
    "chunk-SXQDT4BH": {
      "file": "chunk-SXQDT4BH.js"
    },
    "chunk-YXFO3YUV": {
      "file": "chunk-YXFO3YUV.js"
    },
    "chunk-I5EDOIPS": {
      "file": "chunk-I5EDOIPS.js"
    },
    "chunk-LUJLZOJI": {
      "file": "chunk-LUJLZOJI.js"
    },
    "chunk-E7RCSSJO": {
      "file": "chunk-E7RCSSJO.js"
    },
    "chunk-2RSY2EXA": {
      "file": "chunk-2RSY2EXA.js"
    },
    "chunk-Z3JHFVKB": {
      "file": "chunk-Z3JHFVKB.js"
    },
    "chunk-U77OQQQZ": {
      "file": "chunk-U77OQQQZ.js"
    },
    "chunk-HWFQGTRR": {
      "file": "chunk-HWFQGTRR.js"
    },
    "chunk-GKKN5HFG": {
      "file": "chunk-GKKN5HFG.js"
    },
    "chunk-RF4W2SF6": {
      "file": "chunk-RF4W2SF6.js"
    },
    "chunk-YQ6OMV27": {
      "file": "chunk-YQ6OMV27.js"
    },
    "chunk-NZMURBG3": {
      "file": "chunk-NZMURBG3.js"
    },
    "chunk-SEM6CSVY": {
      "file": "chunk-SEM6CSVY.js"
    },
    "chunk-CN4O2JDN": {
      "file": "chunk-CN4O2JDN.js"
    },
    "chunk-GHP2FJS5": {
      "file": "chunk-GHP2FJS5.js"
    },
    "chunk-ARW6BYIS": {
      "file": "chunk-ARW6BYIS.js"
    },
    "chunk-PT353S7H": {
      "file": "chunk-PT353S7H.js"
    },
    "chunk-KHGHO6LY": {
      "file": "chunk-KHGHO6LY.js"
    },
    "chunk-2KAISR7J": {
      "file": "chunk-2KAISR7J.js"
    },
    "chunk-TYTBLP43": {
      "file": "chunk-TYTBLP43.js"
    },
    "chunk-52MLB7HY": {
      "file": "chunk-52MLB7HY.js"
    },
    "chunk-NVN73XCF": {
      "file": "chunk-NVN73XCF.js"
    },
    "chunk-2TQAMSKE": {
      "file": "chunk-2TQAMSKE.js"
    },
    "chunk-IZWS523V": {
      "file": "chunk-IZWS523V.js"
    },
    "chunk-QHJZJZNN": {
      "file": "chunk-QHJZJZNN.js"
    },
    "chunk-QOZNPR77": {
      "file": "chunk-QOZNPR77.js"
    },
    "chunk-A6E7ZV5H": {
      "file": "chunk-A6E7ZV5H.js"
    },
    "chunk-AQMIPUG2": {
      "file": "chunk-AQMIPUG2.js"
    },
    "chunk-WNBFHPYA": {
      "file": "chunk-WNBFHPYA.js"
    },
    "chunk-LUNWFRCN": {
      "file": "chunk-LUNWFRCN.js"
    },
    "chunk-E52TB7WD": {
      "file": "chunk-E52TB7WD.js"
    },
    "chunk-666UIS6Y": {
      "file": "chunk-666UIS6Y.js"
    },
    "chunk-SWRYFPLF": {
      "file": "chunk-SWRYFPLF.js"
    },
    "chunk-CXCOEQ5Q": {
      "file": "chunk-CXCOEQ5Q.js"
    },
    "chunk-NKFYTX7Z": {
      "file": "chunk-NKFYTX7Z.js"
    },
    "chunk-BNHIWFJ5": {
      "file": "chunk-BNHIWFJ5.js"
    },
    "chunk-7PQLX7G4": {
      "file": "chunk-7PQLX7G4.js"
    },
    "chunk-ZHFGU5NI": {
      "file": "chunk-ZHFGU5NI.js"
    },
    "chunk-QK23JXM4": {
      "file": "chunk-QK23JXM4.js"
    },
    "chunk-S3PFNAS3": {
      "file": "chunk-S3PFNAS3.js"
    },
    "chunk-TOQCHSCE": {
      "file": "chunk-TOQCHSCE.js"
    },
    "chunk-6QOKBSUG": {
      "file": "chunk-6QOKBSUG.js"
    },
    "chunk-2LRMRXPF": {
      "file": "chunk-2LRMRXPF.js"
    },
    "chunk-V7J2KRD6": {
      "file": "chunk-V7J2KRD6.js"
    },
    "chunk-NGZRDWPJ": {
      "file": "chunk-NGZRDWPJ.js"
    },
    "chunk-IFDQBEGY": {
      "file": "chunk-IFDQBEGY.js"
    },
    "chunk-MZKVK7N6": {
      "file": "chunk-MZKVK7N6.js"
    },
    "chunk-4VNKSMWT": {
      "file": "chunk-4VNKSMWT.js"
    },
    "chunk-Y64ZULC4": {
      "file": "chunk-Y64ZULC4.js"
    },
    "chunk-FNUOX3VL": {
      "file": "chunk-FNUOX3VL.js"
    },
    "chunk-LGHDYCGO": {
      "file": "chunk-LGHDYCGO.js"
    },
    "chunk-L5NNO6VQ": {
      "file": "chunk-L5NNO6VQ.js"
    },
    "chunk-CKDG57ON": {
      "file": "chunk-CKDG57ON.js"
    },
    "chunk-OYBF7LQL": {
      "file": "chunk-OYBF7LQL.js"
    },
    "chunk-RG7V5BLH": {
      "file": "chunk-RG7V5BLH.js"
    },
    "chunk-LKHR3QPN": {
      "file": "chunk-LKHR3QPN.js"
    },
    "chunk-LYGQWBPC": {
      "file": "chunk-LYGQWBPC.js"
    },
    "chunk-P7RWM32M": {
      "file": "chunk-P7RWM32M.js"
    },
    "chunk-XOOVM4V4": {
      "file": "chunk-XOOVM4V4.js"
    },
    "chunk-XCEK32WQ": {
      "file": "chunk-XCEK32WQ.js"
    },
    "chunk-Q3SJWNRC": {
      "file": "chunk-Q3SJWNRC.js"
    },
    "chunk-XNZRDRNO": {
      "file": "chunk-XNZRDRNO.js"
    },
    "chunk-LAYUBN36": {
      "file": "chunk-LAYUBN36.js"
    },
    "chunk-RHGYJPW3": {
      "file": "chunk-RHGYJPW3.js"
    },
    "chunk-2FSQNWAZ": {
      "file": "chunk-2FSQNWAZ.js"
    },
    "chunk-NBGNUHQN": {
      "file": "chunk-NBGNUHQN.js"
    },
    "chunk-WLY7H7SN": {
      "file": "chunk-WLY7H7SN.js"
    },
    "chunk-JMZJ3NY4": {
      "file": "chunk-JMZJ3NY4.js"
    },
    "chunk-7TWCEP3N": {
      "file": "chunk-7TWCEP3N.js"
    },
    "chunk-C7JNLTXK": {
      "file": "chunk-C7JNLTXK.js"
    },
    "chunk-EQJ6STSH": {
      "file": "chunk-EQJ6STSH.js"
    },
    "chunk-VRWVFNZ7": {
      "file": "chunk-VRWVFNZ7.js"
    },
    "chunk-SIAFCBES": {
      "file": "chunk-SIAFCBES.js"
    },
    "chunk-UE7JMVAU": {
      "file": "chunk-UE7JMVAU.js"
    },
    "chunk-7Z7ROJRO": {
      "file": "chunk-7Z7ROJRO.js"
    },
    "chunk-ZFGPYZUA": {
      "file": "chunk-ZFGPYZUA.js"
    },
    "chunk-2JTUUAG5": {
      "file": "chunk-2JTUUAG5.js"
    },
    "chunk-WG5SV2OL": {
      "file": "chunk-WG5SV2OL.js"
    },
    "chunk-M54NYDKD": {
      "file": "chunk-M54NYDKD.js"
    },
    "chunk-WSMCW67A": {
      "file": "chunk-WSMCW67A.js"
    },
    "chunk-RXT5NRUD": {
      "file": "chunk-RXT5NRUD.js"
    },
    "chunk-ZDOTHFDA": {
      "file": "chunk-ZDOTHFDA.js"
    },
    "chunk-ODP4EKBU": {
      "file": "chunk-ODP4EKBU.js"
    },
    "chunk-OHR4A5YS": {
      "file": "chunk-OHR4A5YS.js"
    },
    "chunk-ZMBN566I": {
      "file": "chunk-ZMBN566I.js"
    },
    "chunk-XPU7I6OP": {
      "file": "chunk-XPU7I6OP.js"
    },
    "chunk-IWRUQ5LR": {
      "file": "chunk-IWRUQ5LR.js"
    },
    "chunk-SNNRUPYC": {
      "file": "chunk-SNNRUPYC.js"
    },
    "chunk-DCS5LYST": {
      "file": "chunk-DCS5LYST.js"
    },
    "chunk-LF77MORE": {
      "file": "chunk-LF77MORE.js"
    },
    "chunk-JAEMQM26": {
      "file": "chunk-JAEMQM26.js"
    },
    "chunk-FPFEJSUF": {
      "file": "chunk-FPFEJSUF.js"
    },
    "chunk-36GPU3YR": {
      "file": "chunk-36GPU3YR.js"
    },
    "chunk-SYUXB722": {
      "file": "chunk-SYUXB722.js"
    },
    "chunk-5PIOTBXP": {
      "file": "chunk-5PIOTBXP.js"
    },
    "chunk-JVVK66FE": {
      "file": "chunk-JVVK66FE.js"
    },
    "chunk-66T2SJFW": {
      "file": "chunk-66T2SJFW.js"
    },
    "chunk-RFUC34GO": {
      "file": "chunk-RFUC34GO.js"
    },
    "chunk-5XOVYY2Z": {
      "file": "chunk-5XOVYY2Z.js"
    },
    "chunk-J2O63UVP": {
      "file": "chunk-J2O63UVP.js"
    },
    "chunk-2BGDSRMP": {
      "file": "chunk-2BGDSRMP.js"
    },
    "chunk-2LOCM2JN": {
      "file": "chunk-2LOCM2JN.js"
    },
    "chunk-5MQPGQQ4": {
      "file": "chunk-5MQPGQQ4.js"
    },
    "chunk-GJNX57J2": {
      "file": "chunk-GJNX57J2.js"
    },
    "chunk-RUYLCJIE": {
      "file": "chunk-RUYLCJIE.js"
    },
    "chunk-UQRHEBAX": {
      "file": "chunk-UQRHEBAX.js"
    },
    "chunk-Z3NOO73X": {
      "file": "chunk-Z3NOO73X.js"
    },
    "chunk-NGPAVGRZ": {
      "file": "chunk-NGPAVGRZ.js"
    },
    "chunk-JCR26ZE7": {
      "file": "chunk-JCR26ZE7.js"
    },
    "chunk-XND2MNZR": {
      "file": "chunk-XND2MNZR.js"
    },
    "chunk-SLZ3XEGF": {
      "file": "chunk-SLZ3XEGF.js"
    },
    "chunk-5WW4F63I": {
      "file": "chunk-5WW4F63I.js"
    },
    "chunk-OUBRKSSP": {
      "file": "chunk-OUBRKSSP.js"
    },
    "chunk-23KHDIB2": {
      "file": "chunk-23KHDIB2.js"
    },
    "chunk-IXU5FIOP": {
      "file": "chunk-IXU5FIOP.js"
    },
    "chunk-BNV4HVIV": {
      "file": "chunk-BNV4HVIV.js"
    },
    "chunk-ETZARQ24": {
      "file": "chunk-ETZARQ24.js"
    },
    "chunk-M4XOMN2Y": {
      "file": "chunk-M4XOMN2Y.js"
    },
    "chunk-HQHNKPLI": {
      "file": "chunk-HQHNKPLI.js"
    },
    "chunk-B2L6W6TY": {
      "file": "chunk-B2L6W6TY.js"
    },
    "chunk-I5DF224T": {
      "file": "chunk-I5DF224T.js"
    },
    "chunk-P7YBWZUK": {
      "file": "chunk-P7YBWZUK.js"
    },
    "chunk-TJAPVVFO": {
      "file": "chunk-TJAPVVFO.js"
    },
    "chunk-HCEU5IC4": {
      "file": "chunk-HCEU5IC4.js"
    },
    "chunk-6IUTQNAL": {
      "file": "chunk-6IUTQNAL.js"
    },
    "chunk-KIRQSEEN": {
      "file": "chunk-KIRQSEEN.js"
    },
    "chunk-T7UTNGCC": {
      "file": "chunk-T7UTNGCC.js"
    },
    "chunk-KHSEILWY": {
      "file": "chunk-KHSEILWY.js"
    },
    "chunk-J5UXE5KF": {
      "file": "chunk-J5UXE5KF.js"
    },
    "chunk-2T5LYCP4": {
      "file": "chunk-2T5LYCP4.js"
    },
    "chunk-FIPRMLRS": {
      "file": "chunk-FIPRMLRS.js"
    },
    "chunk-5ZB3GVDC": {
      "file": "chunk-5ZB3GVDC.js"
    },
    "chunk-GNQROTLV": {
      "file": "chunk-GNQROTLV.js"
    },
    "chunk-YLGC47SC": {
      "file": "chunk-YLGC47SC.js"
    },
    "chunk-6BDJCSPJ": {
      "file": "chunk-6BDJCSPJ.js"
    },
    "chunk-42CIDTPK": {
      "file": "chunk-42CIDTPK.js"
    },
    "chunk-XHEX4OUL": {
      "file": "chunk-XHEX4OUL.js"
    },
    "chunk-ISY3O26C": {
      "file": "chunk-ISY3O26C.js"
    },
    "chunk-V4U5YS4K": {
      "file": "chunk-V4U5YS4K.js"
    },
    "chunk-EJDQ2NXQ": {
      "file": "chunk-EJDQ2NXQ.js"
    },
    "chunk-ASWXYPPF": {
      "file": "chunk-ASWXYPPF.js"
    },
    "chunk-YTJIBYBT": {
      "file": "chunk-YTJIBYBT.js"
    },
    "chunk-S5BVLX3R": {
      "file": "chunk-S5BVLX3R.js"
    },
    "chunk-Q5JMI2YV": {
      "file": "chunk-Q5JMI2YV.js"
    },
    "chunk-O4A567YB": {
      "file": "chunk-O4A567YB.js"
    },
    "chunk-OKXDYC6G": {
      "file": "chunk-OKXDYC6G.js"
    },
    "chunk-COXXZBQD": {
      "file": "chunk-COXXZBQD.js"
    },
    "chunk-NB6DVZ2H": {
      "file": "chunk-NB6DVZ2H.js"
    },
    "chunk-BRQA5GOZ": {
      "file": "chunk-BRQA5GOZ.js"
    },
    "chunk-INONCUUC": {
      "file": "chunk-INONCUUC.js"
    },
    "chunk-AV67YWRM": {
      "file": "chunk-AV67YWRM.js"
    },
    "chunk-RUSXWBOO": {
      "file": "chunk-RUSXWBOO.js"
    },
    "chunk-M2YZHHFE": {
      "file": "chunk-M2YZHHFE.js"
    },
    "chunk-RT2EN5KO": {
      "file": "chunk-RT2EN5KO.js"
    },
    "chunk-GEHWQG6P": {
      "file": "chunk-GEHWQG6P.js"
    },
    "chunk-CYW7U3OI": {
      "file": "chunk-CYW7U3OI.js"
    },
    "chunk-6Y7S2XVZ": {
      "file": "chunk-6Y7S2XVZ.js"
    },
    "chunk-J7U7PO6Y": {
      "file": "chunk-J7U7PO6Y.js"
    },
    "chunk-EAMEC23E": {
      "file": "chunk-EAMEC23E.js"
    },
    "chunk-G5USZTOO": {
      "file": "chunk-G5USZTOO.js"
    },
    "chunk-SLW54Q2D": {
      "file": "chunk-SLW54Q2D.js"
    },
    "chunk-QSTF7O2B": {
      "file": "chunk-QSTF7O2B.js"
    },
    "chunk-YJHB7ZBQ": {
      "file": "chunk-YJHB7ZBQ.js"
    },
    "chunk-FW3XCAIA": {
      "file": "chunk-FW3XCAIA.js"
    },
    "chunk-DBEP4GWC": {
      "file": "chunk-DBEP4GWC.js"
    },
    "chunk-UDQWMDBF": {
      "file": "chunk-UDQWMDBF.js"
    },
    "chunk-TGYRV7LL": {
      "file": "chunk-TGYRV7LL.js"
    },
    "chunk-BZ43TZPQ": {
      "file": "chunk-BZ43TZPQ.js"
    },
    "chunk-SMPMUDDS": {
      "file": "chunk-SMPMUDDS.js"
    },
    "chunk-UM3JHGVO": {
      "file": "chunk-UM3JHGVO.js"
    },
    "chunk-CEQRFMJQ": {
      "file": "chunk-CEQRFMJQ.js"
    }
  }
}